{"options":{"check_for_updates":false,"comment":null,"compatopts_for_requires":true,"compat_wrappedjsobject":false,"compat_metadata":false,"compat_foreach":false,"compat_powerful_this":null,"sandbox":null,"noframes":null,"unwrap":null,"run_at":null,"tab_types":null,"override":{"use_includes":[],"orig_includes":[],"merge_includes":true,"use_matches":[],"orig_matches":["*://*.91huayi.com/pages/exam.aspx?*","*://*.91huayi.com/pages/exam_result.aspx?*","*://*.91huayi.com/course_ware/course_ware_polyv.aspx?*"],"merge_matches":true,"use_excludes":[],"orig_excludes":[],"merge_excludes":true,"use_connects":[],"orig_connects":[],"merge_connects":true,"use_blockers":[],"orig_run_at":"document-idle","orig_noframes":null}},"settings":{"enabled":false,"position":4},"meta":{"name":"cme_91huayi_auto_exam2023","uuid":"05ee4e6e-baae-49c0-8c79-e4a47abcc8f1","modified":1679898228640}}